date,open,high,low,close,difference,volume,turnover,transactions
2005-06-24 00:00:00+00,55,55.1,53.2,55,0,239586,26053.42,408
2005-06-27 00:00:00+00,55,55.1,54.2,55,0,25345,2787.95,91
2005-06-28 00:00:00+00,55,55.5,54.7,55.5,0.91,65072,7196.24,105
2005-06-29 00:00:00+00,55.5,55.5,55,55,-0.9,2377,263.3,31
2005-06-30 00:00:00+00,55,55,54.7,55,0,5776,633.86,46
2005-07-01 00:00:00+00,55,55,54.6,54.7,-0.55,6668,730.6,23
2005-07-04 00:00:00+00,54.7,54.8,54.7,54.7,0,5859,641.63,24
2005-07-05 00:00:00+00,54.7,54.9,54,54.5,-0.37,107502,11740.5,57
2005-07-06 00:00:00+00,54,54.7,54,54.4,-0.18,25783,2808.42,39
2005-07-07 00:00:00+00,53.6,54,52.5,54,-0.74,16456,1753.57,85
2005-07-08 00:00:00+00,52.8,53.8,52.6,53.4,-1.11,28834,3079.32,80
2005-07-11 00:00:00+00,52.9,53.8,52.1,53.8,0.75,7122,755.71,73
2005-07-12 00:00:00+00,53,53.3,51.3,53,-1.49,61047,6462.27,122
2005-07-13 00:00:00+00,52.2,52.7,52,52.5,-0.94,56097,5838.4,72
2005-07-14 00:00:00+00,52.1,52.5,51.5,52.5,0,16989,1758.62,119
2005-07-15 00:00:00+00,52,52.5,51.4,52.5,0,3580,371.99,70
2005-07-18 00:00:00+00,51.7,52,51.5,52,-0.95,3042,314.26,39
2005-07-19 00:00:00+00,51.5,51.5,50.9,51.2,-1.54,15659,1601.9,82
2005-07-20 00:00:00+00,51.2,51.2,49.6,50.9,-0.59,13647,1385.45,108
2005-07-21 00:00:00+00,49.5,49.5,48.2,48.5,-4.72,76292,7444.58,150
2005-07-22 00:00:00+00,48.5,49.4,48.5,49,1.03,8797,855.35,63
2005-07-25 00:00:00+00,48.8,50,48.8,50,2.04,3444,339.01,29
2005-07-26 00:00:00+00,50,50.8,50,50.5,1,23670,2368.07,57
2005-07-27 00:00:00+00,50,50.7,50,50.5,0,26960,2707.2,28
2005-07-28 00:00:00+00,50.2,50.7,50,50.7,0.4,17710,1772.43,37
2005-07-29 00:00:00+00,50,50.7,50,50.7,0,8887,896.08,31
2005-08-01 00:00:00+00,50.1,50.5,50,50,-1.38,39421,3942.38,53
2005-08-02 00:00:00+00,50,51.5,50,51.5,3,4778,483.85,55
2005-08-03 00:00:00+00,50.3,51.9,50.3,51,-0.97,20510,2103.12,92
2005-08-04 00:00:00+00,51.5,51.9,50.1,51,0,4851,495.01,65
2005-08-05 00:00:00+00,51,51.1,50.3,51,0,2163,219.73,35
2005-08-08 00:00:00+00,51,51,50.1,50.9,-0.2,6886,696.01,34
2005-08-09 00:00:00+00,50,51,49.7,50,-1.77,116403,11637.46,80
2005-08-10 00:00:00+00,50,50.5,49.3,50.5,1,64162,6413.52,53
2005-08-11 00:00:00+00,50,50,49.4,49.7,-1.58,12782,1272.3,78
2005-08-12 00:00:00+00,49.7,49.7,45.5,46,-7.44,13468,1259.69,174
2005-08-16 00:00:00+00,46,46.5,44.1,44.5,-3.26,9211,829.78,74
2005-08-17 00:00:00+00,44.5,44.5,42.1,43,-3.37,7355,631.78,105
2005-08-18 00:00:00+00,42,42.2,39.3,41.5,-3.49,33352,2732.71,216
2005-08-19 00:00:00+00,40,40,38.3,39.2,-5.54,132723,10343.05,357
2005-08-22 00:00:00+00,39.5,40.2,39.4,40,2.04,91192,7239.8,177
2005-08-23 00:00:00+00,40,42,39.8,41.5,3.75,542250,44676.63,350
2005-08-24 00:00:00+00,41.8,43.1,41.6,42.3,1.93,43724,3740.58,152
2005-08-25 00:00:00+00,42.4,42.5,41.5,41.9,-0.95,62828,5274.65,87
2005-08-26 00:00:00+00,42.3,43,42,42,0.24,11116,945.89,67
2005-08-29 00:00:00+00,42.8,43,42.1,42.8,1.9,8185,696.79,72
2005-08-30 00:00:00+00,42.8,42.8,42.1,42.4,-0.93,5512,469.74,54
2005-08-31 00:00:00+00,42.4,43,42.1,43,1.42,33001,2816.87,76
2005-09-01 00:00:00+00,43,43.7,42.7,43.5,1.16,8700,749.63,65
2005-09-02 00:00:00+00,43.5,43.5,42.7,43.5,0,10486,909.64,39
2005-09-05 00:00:00+00,42.7,44,42.5,44,1.15,73403,6448.99,83
2005-09-06 00:00:00+00,44,44.2,43.8,44.2,0.45,34516,3037.84,36
2005-09-07 00:00:00+00,44.2,45.5,44.2,45.4,2.71,42139,3762.95,76
2005-09-08 00:00:00+00,45.5,46,45.5,45.7,0.66,13020,1193.41,89
2005-09-09 00:00:00+00,45.5,45.7,44,44.7,-2.19,3966,354.95,39
2005-09-12 00:00:00+00,44,45.4,41.5,43,-3.8,28890,2477.57,81
2005-09-13 00:00:00+00,42.9,43.5,42.9,43,0,12916,1116.9,48
2005-09-14 00:00:00+00,43.3,43.3,42.9,43.2,0.47,47816,4113.11,37
2005-09-15 00:00:00+00,43.2,44.9,43.2,44,1.85,6856,603.99,43
2005-09-16 00:00:00+00,44,44.4,44,44.4,0.91,6484,571.16,29
2005-09-19 00:00:00+00,44.5,44.6,44,44.2,-0.45,2993,265.79,40
2005-09-20 00:00:00+00,44.2,44.4,43.2,44.4,0.45,17607,1550.43,58
2005-09-21 00:00:00+00,44,45.2,43.4,45.1,1.58,38812,3489.86,67
2005-09-22 00:00:00+00,44.9,45.1,44.6,45,-0.22,5322,478.4,38
2005-09-23 00:00:00+00,45,45,43,43.4,-3.56,2525,222.94,36
2005-09-26 00:00:00+00,43.7,43.7,42.5,42.8,-1.38,2654,228.15,26
2005-09-27 00:00:00+00,42.5,42.5,42.2,42.2,-1.4,11369,960.24,69
2005-09-28 00:00:00+00,42.2,43.5,42.2,43.5,3.08,17576,1523.9,39
2005-09-29 00:00:00+00,44,44,42.4,43.5,0,2447,213.14,29
2005-09-30 00:00:00+00,43.9,43.9,42.3,42.4,-2.53,2911,249.84,46
2005-10-03 00:00:00+00,42.4,43.3,42,43,1.42,3133,266.74,38
2005-10-04 00:00:00+00,42.3,42.8,42.2,42.7,-0.7,2746,232.56,37
2005-10-05 00:00:00+00,42.8,43.3,42.2,42.9,0.47,3352,286.54,56
2005-10-06 00:00:00+00,42.7,42.7,42.2,42.2,-1.63,22327,1888.56,36
2005-10-07 00:00:00+00,42.1,42.9,42.1,42.9,1.66,2377,201.68,33
2005-10-10 00:00:00+00,42.3,43.9,42.1,43.9,2.33,12966,1120.74,76
2005-10-11 00:00:00+00,44,44,43.2,43.3,-1.37,1110,96.55,24
2005-10-12 00:00:00+00,43,43,41.7,41.7,-3.7,2641,221.4,30
2005-10-13 00:00:00+00,42.7,42.7,41,41.8,0.24,2597,217.5,24
2005-10-14 00:00:00+00,42.2,42.2,41.5,41.9,0.24,1986,166.17,21
2005-10-17 00:00:00+00,41.9,42.3,40.3,42,0.24,7910,663.89,30
2005-10-18 00:00:00+00,42,42.1,41.5,41.6,-0.95,2197,183.87,21
2005-10-19 00:00:00+00,41.1,41.2,41.1,41.1,-1.2,1672,137.63,20
2005-10-20 00:00:00+00,41.2,41.5,41,41.3,0.49,12135,1001.91,58
2005-10-21 00:00:00+00,41.5,41.5,40.5,40.5,-1.94,262,21.35,6
2005-10-24 00:00:00+00,41,41.5,41,41.5,2.47,4633,384.28,23
2005-10-25 00:00:00+00,41.1,41.8,41.1,41.5,0,52716,4343.75,12
2005-10-26 00:00:00+00,41.5,41.5,41.1,41.1,-0.96,932,77.32,13
2005-10-27 00:00:00+00,41,41.4,41,41.4,0.73,14227,1172.7,19
2005-10-28 00:00:00+00,41,42.4,41,42,1.45,12042,1007.01,45
2005-10-31 00:00:00+00,41.9,42,41.7,42,0,913,76.56,16
2005-11-02 00:00:00+00,42,42,41.7,42,0,7234,605.26,29
2005-11-03 00:00:00+00,41.9,42,41.5,42,0,1234,102.88,13
2005-11-04 00:00:00+00,41.2,42.1,41.2,42,0,11445,961.34,18
2005-11-07 00:00:00+00,42,42,40,42,0,2397,196.16,28
2005-11-08 00:00:00+00,40.6,40.8,40.6,40.8,-2.86,9824,801.31,37
2005-11-09 00:00:00+00,40.5,40.5,39,39.5,-3.19,10533,830.47,87
2005-11-10 00:00:00+00,39,39.7,39,39.5,0,1371,107.5,30
2005-11-14 00:00:00+00,39.1,39.5,38.7,39,-1.27,3108,243.29,29
2005-11-15 00:00:00+00,39,39,36.3,37,-5.13,6235,467.24,93
2005-11-16 00:00:00+00,36.9,36.9,35.2,35.5,-4.05,26855,1909.66,112
2005-11-17 00:00:00+00,35.4,35.9,35.1,35.6,0.28,2861,203.26,44
2005-11-18 00:00:00+00,35.6,36,35.3,35.9,0.84,29269,2088.55,96
2005-11-21 00:00:00+00,35.6,36,35,35.3,-1.67,7495,532.79,72
2005-11-22 00:00:00+00,35.1,35.1,34.2,34.9,-1.13,8228,568.43,76
2005-11-23 00:00:00+00,34.5,34.9,34,34.5,-1.15,4057,278.43,79
2005-11-24 00:00:00+00,34.4,34.4,32.7,33.2,-3.77,14313,952.59,133
2005-11-25 00:00:00+00,33,33.7,32.9,33.4,0.6,6920,459.3,91
2005-11-28 00:00:00+00,33.7,33.7,33,33.1,-0.9,294407,19461.94,182
2005-11-29 00:00:00+00,33.4,33.9,33.1,33.5,1.21,112984,7569.78,87
2005-11-30 00:00:00+00,33.5,34.6,33.5,34.2,2.09,11728,801.11,106
2005-12-01 00:00:00+00,34.8,34.8,34,34.1,-0.29,10817,742.85,78
2005-12-02 00:00:00+00,34.3,34.4,34,34.3,0.59,4440,303.75,36
2005-12-05 00:00:00+00,35,35.5,34.6,35.3,2.92,27195,1905.29,69
2005-12-06 00:00:00+00,35.4,35.4,34.2,35.1,-0.57,17129,1198.94,92
2005-12-07 00:00:00+00,35,36.1,34.9,36,2.56,17389,1248.15,61
2005-12-08 00:00:00+00,36.1,36.1,35.5,35.8,-0.56,28222,2020.22,47
2005-12-09 00:00:00+00,35.5,35.7,35.5,35.7,-0.28,2763,196.25,24
2005-12-12 00:00:00+00,35.9,36.8,35.9,36.8,3.08,109396,7878.36,50
2005-12-13 00:00:00+00,36.8,36.8,36,36.4,-1.09,4385,318.29,38
2005-12-14 00:00:00+00,36.6,36.6,36,36,-1.1,4059,293.28,30
2005-12-15 00:00:00+00,35.9,36.5,35.8,36,0,61569,4423.61,52
2005-12-16 00:00:00+00,35.8,36.3,35.7,36.3,0.83,57133,4115.24,52
2005-12-19 00:00:00+00,36.5,36.5,36.1,36.4,0.28,11650,845.94,42
2005-12-20 00:00:00+00,36.1,36.8,36.1,36.4,0,12317,897.21,68
2005-12-21 00:00:00+00,36.1,38.1,36.1,37.2,2.2,28249,2107.13,155
2005-12-22 00:00:00+00,37.2,37.9,37.2,37.7,1.34,8309,624.97,57
2005-12-23 00:00:00+00,37.7,37.7,36.6,37,-1.86,9357,697.17,64
2005-12-27 00:00:00+00,36.6,36.6,35.7,36,-2.7,28250,2052.84,161
2005-12-28 00:00:00+00,36,36,35.5,35.9,-0.28,8333,598.77,48
2005-12-29 00:00:00+00,35.9,36.5,35.9,36.1,0.56,17931,1295.18,42
2005-12-30 00:00:00+00,36,36.4,35.9,36.4,0.83,2848,205.21,35
2006-01-02 00:00:00+00,36.4,36.8,36,36.8,1.1,82373,5932.42,21
2006-01-03 00:00:00+00,36.7,37,36.6,37,0.54,15075,1108.93,42
2006-01-04 00:00:00+00,37.3,37.3,36.5,36.6,-1.08,8159,600.4,41
2006-01-05 00:00:00+00,36.5,36.5,36.1,36.4,-0.55,32605,2360.89,22
2006-01-06 00:00:00+00,36.4,36.5,36,36.4,0,132300,9578.71,43
2006-01-09 00:00:00+00,36.5,36.5,36.2,36.2,-0.55,15448,1118.96,46
2006-01-10 00:00:00+00,36.1,36.1,35.8,36,-0.55,5044,362.11,33
2006-01-11 00:00:00+00,35.7,36,35.6,35.7,-0.83,14764,1058.69,56
2006-01-12 00:00:00+00,35.9,35.9,34.4,35.4,-0.84,96916,6700.74,112
2006-01-13 00:00:00+00,34.9,35,34.7,35,-1.13,48534,3392.65,50
2006-01-16 00:00:00+00,35,35.9,35,35.8,2.29,4529,322.8,47
2006-01-17 00:00:00+00,35.8,36.5,35.8,36.5,1.96,6369,460.35,64
2006-01-18 00:00:00+00,36.7,36.8,35.2,36.4,-0.27,2411,174.38,37
2006-01-19 00:00:00+00,36.4,37.5,36,36.4,0,16191,1188.76,119
2006-01-20 00:00:00+00,36.5,36.5,35.3,35.9,-1.37,4310,309.89,67
2006-01-23 00:00:00+00,35.5,35.5,34,35.4,-1.39,4202,293.77,70
2006-01-24 00:00:00+00,35,35.5,34.7,35.4,0,3554,250.68,42
2006-01-25 00:00:00+00,35.6,35.8,35.2,35.6,0.56,4778,338.47,49
2006-01-26 00:00:00+00,35.9,36,35,35,-1.69,7778,551.61,63
2006-01-27 00:00:00+00,35,35.2,34.7,35,0,52523,3675.93,69
2006-01-30 00:00:00+00,35,36.2,35,36,2.86,66395,4666.52,96
2006-01-31 00:00:00+00,36,36,34.6,35.4,-1.67,5590,394.14,44
2006-02-01 00:00:00+00,35,35,34.5,34.5,-2.54,3510,243.88,28
2006-02-02 00:00:00+00,34.5,35.5,34.5,35.3,2.32,5392,378.19,43
2006-02-03 00:00:00+00,35.3,35.3,33.9,35,-0.85,10404,719.66,69
2006-02-06 00:00:00+00,35,35.5,34.1,35.4,1.14,3186,223.8,35
2006-02-07 00:00:00+00,35.5,35.5,34.8,35.5,0.28,1573,111.01,26
2006-02-08 00:00:00+00,35.3,35.5,34.7,35,-1.41,2233,157.6,21
2006-02-09 00:00:00+00,35,35.4,34.8,35.4,1.14,1022,71.66,16
2006-02-10 00:00:00+00,35.5,35.5,34.9,35.5,0.28,1617,113.6,28
2006-02-13 00:00:00+00,35,35.4,34.9,35.4,-0.28,3118,218.49,34
2006-02-14 00:00:00+00,35.4,35.5,35,35.1,-0.85,8585,608.53,49
2006-02-15 00:00:00+00,35.5,35.5,34.7,34.7,-1.14,6676,468.51,34
2006-02-16 00:00:00+00,35,35.2,34,34.5,-0.58,2932,202.4,46
2006-02-17 00:00:00+00,34,34,33.3,33.5,-2.9,60421,4050.57,122
2006-02-20 00:00:00+00,33.4,34,33.4,33.9,1.19,44902,3019.95,99
2006-02-21 00:00:00+00,33.9,35.5,33.9,34.5,1.77,34301,2383.31,235
2006-02-22 00:00:00+00,34.5,35.2,34.2,34.6,0.29,48050,3327.97,131
2006-02-23 00:00:00+00,34.8,34.8,34.2,34.7,0.29,3763,260.05,50
2006-02-24 00:00:00+00,34.7,35.1,34.1,34.9,0.58,13295,921.45,72
2006-02-27 00:00:00+00,35.2,35.3,35,35,0.29,11763,825.77,65
2006-02-28 00:00:00+00,35,35,34,34,-2.86,18460,1259.22,105
2006-03-01 00:00:00+00,33.7,34.4,33.5,34.4,1.18,6504,438.87,37
2006-03-02 00:00:00+00,33.8,34.5,33.5,34.2,-0.58,6106,416.3,36
2006-03-03 00:00:00+00,34,34.6,33.6,34.6,1.17,4324,293.95,34
2006-03-06 00:00:00+00,34.5,35,34.5,35,1.16,8357,579.15,39
2006-03-07 00:00:00+00,35,35,34.6,34.6,-1.14,52093,3645.17,55
2006-03-08 00:00:00+00,34.6,34.6,33.2,33.5,-3.18,7152,480.87,42
2006-03-09 00:00:00+00,33.6,34,33.2,33.2,-0.9,7965,534.53,36
2006-03-10 00:00:00+00,33.2,33.7,33,33,-0.6,12959,857.6,57
2006-03-13 00:00:00+00,33,33.7,33,33.7,2.12,1448,96.15,22
2006-03-14 00:00:00+00,33.5,33.5,32.7,33,-2.08,20476,1349.61,74
2006-03-15 00:00:00+00,33,33.3,32.7,33,0,9888,653.37,39
2006-03-16 00:00:00+00,33,33.3,32.8,33.2,0.61,24696,1630.74,145
2006-03-17 00:00:00+00,33.5,33.8,33.1,33.8,1.81,3188,214.23,27
2006-03-20 00:00:00+00,34,34,32.9,33.5,-0.89,21022,1407.4,68
2006-03-21 00:00:00+00,33.5,33.5,33,33,-1.49,22088,1457.94,30
2006-03-22 00:00:00+00,32.9,35.2,32.9,34,3.03,84006,5657.79,170
2006-03-23 00:00:00+00,34,34.8,34,34.7,2.06,10074,691.05,42
2006-03-24 00:00:00+00,35,35.8,35,35.5,2.31,72735,5165.24,195
2006-03-27 00:00:00+00,35.8,35.9,35.2,35.3,-0.56,20271,1440.61,84
2006-03-28 00:00:00+00,35.1,35.6,34.6,34.6,-1.98,12425,876.46,56
2006-03-29 00:00:00+00,35.4,35.4,34.4,35,1.16,2014,140.74,17
2006-03-30 00:00:00+00,35,35.7,35,35.1,0.29,48169,3388.88,139
2006-03-31 00:00:00+00,35.8,36.6,35.6,36.4,3.7,82505,5927.66,204
2006-04-03 00:00:00+00,36.8,38.9,36.8,38.9,6.87,63508,4832.43,297
2006-04-04 00:00:00+00,39.1,39.7,37.6,37.9,-2.57,85647,6538.4,255
2006-04-05 00:00:00+00,37.5,37.9,36.8,37.5,-1.06,17014,1272,120
2006-04-06 00:00:00+00,37.5,37.5,36.9,37.1,-1.07,128150,9553.57,88
2006-04-07 00:00:00+00,36.9,37.3,36.2,36.8,-0.81,13828,1018.27,92
2006-04-10 00:00:00+00,36.8,36.8,34.7,35.6,-3.26,21670,1531.7,130
2006-04-11 00:00:00+00,35.6,35.7,34.6,35,-1.69,6417,454.69,47
2006-04-12 00:00:00+00,35,35.4,34.7,35.4,1.14,2144,151.06,33
2006-04-13 00:00:00+00,35.9,36.4,35.3,36.4,2.82,86591,6154.29,92
2006-04-18 00:00:00+00,36.4,36.4,35.5,36,-1.1,3967,282.92,42
2006-04-19 00:00:00+00,36,36,34.9,35.1,-2.5,15481,1086.95,75
2006-04-20 00:00:00+00,35,35.4,34.8,34.8,-0.85,11946,834.68,94
2006-04-21 00:00:00+00,34.8,34.8,33.9,34.2,-1.72,14563,1001.01,105
2006-04-24 00:00:00+00,33.9,34.2,33.5,33.9,-0.88,7144,483.66,77
2006-04-25 00:00:00+00,33.9,34.7,33.8,34.7,2.36,7823,532.65,52
2006-04-26 00:00:00+00,34.6,34.9,34.6,34.6,-0.29,1839,127.48,29
2006-04-27 00:00:00+00,34.8,34.8,33.6,34,-1.73,2941,200.37,31
2006-04-28 00:00:00+00,33.8,33.8,33.1,33.3,-2.06,29351,1957.41,173
2006-05-02 00:00:00+00,33.5,34.2,33.3,33.8,1.5,5852,390.77,28
2006-05-04 00:00:00+00,34,34.5,33.6,34.1,0.89,3924,266.95,42
2006-05-05 00:00:00+00,34,34.5,33.4,34.5,1.17,3274,221.54,43
2006-05-08 00:00:00+00,34.5,34.6,34,34.6,0.29,6042,415.42,68
2006-05-09 00:00:00+00,34.6,35.2,34.5,34.6,0,92669,6450.29,87
2006-05-10 00:00:00+00,34,34.4,33.3,33.8,-2.31,51488,3448.18,156
2006-05-11 00:00:00+00,33.6,34.3,33.3,34.3,1.48,6767,458.32,51
2006-05-12 00:00:00+00,34,34.5,33.5,34.5,0.58,7807,532.89,34
2006-05-15 00:00:00+00,34.5,34.6,33.5,34.6,0.29,8388,572.28,60
2006-05-16 00:00:00+00,34,34.7,33.5,34.3,-0.87,9010,616.91,48
2006-05-17 00:00:00+00,34,34.3,33.5,34,-0.87,17313,1174.72,64
2006-05-18 00:00:00+00,33.7,33.8,32.8,33.8,-0.59,9136,608.26,65
2006-05-19 00:00:00+00,33.4,33.4,31.5,32.5,-3.85,38259,2486.22,138
2006-05-22 00:00:00+00,32.5,32.5,31.1,32,-1.54,32119,2019.73,102
2006-05-23 00:00:00+00,32,32,29,31.2,-2.5,23112,1396.03,114
2006-05-24 00:00:00+00,31,31,30.1,30.6,-1.92,7873,478.65,49
2006-05-25 00:00:00+00,30.2,30.9,29.8,30.9,0.98,8615,518.85,50
2006-05-26 00:00:00+00,31,31.7,30.1,31.7,2.59,1272,79.46,23
2006-05-29 00:00:00+00,31.7,31.7,30.3,31,-2.21,7314,451.1,41
2006-05-30 00:00:00+00,30.5,31,30.1,31,0,9083,550.76,49
2006-05-31 00:00:00+00,30,31.5,29.9,31.5,1.61,12804,778.94,59
2006-06-01 00:00:00+00,31.3,31.3,30.8,31.2,-0.95,920,57.4,6
2006-06-02 00:00:00+00,31.4,31.5,31,31.5,0.96,22393,1402.33,32
2006-06-05 00:00:00+00,31.3,31.5,30.1,31.5,0,11263,693.52,80
2006-06-06 00:00:00+00,31,31.5,31,31.5,0,701,43.96,13
2006-06-07 00:00:00+00,31.4,31.4,30.5,30.7,-2.54,3211,197.95,32
2006-06-08 00:00:00+00,30.4,30.6,30.2,30.6,-0.33,2100,127.6,20
2006-06-09 00:00:00+00,30.3,31,30.3,31,1.31,3276,200.11,21
2006-06-12 00:00:00+00,31,31,29.9,30,-3.23,34453,2067.64,41
2006-06-13 00:00:00+00,29.4,29.4,27.2,29,-3.33,12222,689.79,70
2006-06-14 00:00:00+00,28.1,29,28.1,29,0,4254,244.84,28
2006-06-16 00:00:00+00,30.2,32.5,29.9,29.9,3.1,5810,363.07,30
2006-06-19 00:00:00+00,30.1,30.6,29.5,30.6,2.34,1955,117.72,16
2006-06-20 00:00:00+00,29.8,31,29.8,31,1.31,41137,2469.83,18
2006-06-21 00:00:00+00,31.3,31.3,30.5,31.2,0.65,30483,1860.16,13
2006-06-22 00:00:00+00,31.2,31.2,30.6,31,-0.64,3735,231.62,18
2006-06-23 00:00:00+00,30.2,30.8,30,30.8,-0.65,13410,807.01,23
2006-06-26 00:00:00+00,30.1,30.3,29.9,30,-2.6,23190,1391.45,35
2006-06-27 00:00:00+00,30.5,30.5,29.9,30.4,1.33,5336,321.95,12
2006-06-28 00:00:00+00,30.1,30.7,30,30.7,0.99,7140,429.32,17
2006-06-29 00:00:00+00,30.2,30.5,30.1,30.4,-0.98,151261,9115.94,37
2006-06-30 00:00:00+00,30.2,30.5,29.9,30,-1.32,2950,177.48,32
2006-07-03 00:00:00+00,30,30.8,30,30.8,2.67,3171,194.5,21
2006-07-04 00:00:00+00,30.5,30.8,30,30.8,0,1318,80.04,17
2006-07-05 00:00:00+00,30.8,30.9,30.1,30.1,-2.27,51687,3113.94,23
2006-07-06 00:00:00+00,30.8,31,30.2,31,2.99,1899,117.44,16
2006-07-07 00:00:00+00,31.2,32.4,31.1,32,3.23,7318,464.3,53
2006-07-10 00:00:00+00,31.8,32.4,31.8,32.4,1.25,1637,104.42,18
2006-07-11 00:00:00+00,32.4,32.4,32.1,32.4,0,2882,185.27,22
2006-07-12 00:00:00+00,32.2,33.1,32.2,33,1.85,11087,727.24,47
2006-07-13 00:00:00+00,32.5,33,32.5,32.5,-1.52,66462,4320.18,55
2006-07-14 00:00:00+00,31.5,32.9,31.5,32.9,1.23,1171,75.52,12
2006-07-17 00:00:00+00,33,33,32.5,33,0.3,11515,756.86,29
2006-07-18 00:00:00+00,33.4,33.4,32.6,33.2,0.61,90141,5877.59,14
2006-07-19 00:00:00+00,33.5,33.6,33,33.5,0.9,5465,362.19,16
2006-07-20 00:00:00+00,33,33.9,33,33.9,1.19,4168,281.82,23
2006-07-21 00:00:00+00,34,36,34,36,6.19,17546,1241.05,107
2006-07-24 00:00:00+00,36,37,36,36.9,2.5,24253,1775.01,134
2006-07-25 00:00:00+00,34,36.9,34,36.8,-0.27,4786,347.17,45
2006-07-26 00:00:00+00,36.5,36.5,34.6,35,-4.89,76503,5379.51,62
2006-07-27 00:00:00+00,35.2,35.9,35,35.9,2.57,24071,1722.25,31
2006-07-28 00:00:00+00,34.9,36.9,34.9,36.9,2.79,18939,1349.73,67
2006-07-31 00:00:00+00,35.9,35.9,35.6,35.7,-3.25,25599,1827.28,36
2006-08-01 00:00:00+00,35.5,35.7,35.2,35.7,0,1614,114.08,12
2006-08-02 00:00:00+00,35.1,35.2,34,35.2,-1.4,3378,232.83,21
2006-08-03 00:00:00+00,34.5,34.5,34,34.5,-1.99,1546,106.09,13
2006-08-04 00:00:00+00,34,34.9,34,34.9,1.16,1729,117.94,13
2006-08-07 00:00:00+00,34.2,35,34,35,0.29,3818,266.07,32
2006-08-08 00:00:00+00,34.3,35,34.1,34.9,-0.29,8738,609.52,16
2006-08-09 00:00:00+00,34.1,34.5,33.9,34.5,-1.15,10671,724.3,22
2006-08-10 00:00:00+00,33.5,34.5,33.5,34.5,0,1941,132.14,13
2006-08-11 00:00:00+00,34.5,34.5,33.6,33.8,-2.03,42943,2959.11,17
2006-08-14 00:00:00+00,33.8,33.8,33.1,33.1,-2.07,1608,108.24,11
2006-08-16 00:00:00+00,33.1,33.1,32.5,32.8,-0.91,15805,1042.81,14
2006-08-17 00:00:00+00,32.2,33,32,32.1,-2.13,2156,139.57,22
2006-08-18 00:00:00+00,32,33,32,32.8,2.18,1637,107.13,18
2006-08-21 00:00:00+00,32,32.9,32,32.9,0.3,2061,133.69,13
2006-08-22 00:00:00+00,32.1,32.5,32.1,32.5,-1.22,634,40.9,15
2006-08-23 00:00:00+00,32.9,32.9,32.3,32.5,0,6380,414.6,18
2006-08-24 00:00:00+00,32,32.4,32,32.4,-0.31,1535,98.41,13
2006-08-25 00:00:00+00,32.1,32.5,32.1,32.5,0.31,75,4.83,2
2006-08-28 00:00:00+00,32.2,32.5,32,32.5,0,10170,660.79,29
2006-08-29 00:00:00+00,32.8,33,32.5,33,1.54,721,47.16,15
2006-08-30 00:00:00+00,33,33.5,32.4,33.5,1.52,6313,419.59,31
2006-08-31 00:00:00+00,33.3,33.5,33.3,33.3,-0.6,3605,241.2,21
2006-09-01 00:00:00+00,33,33,32.5,33,-0.9,1228,80.59,12
2006-09-04 00:00:00+00,32.6,33.5,32.6,33.5,1.52,1024,68.1,7
2006-09-05 00:00:00+00,33.4,33.4,32.61,33.1,-1.19,3561,235.3,18
2006-09-06 00:00:00+00,33.5,33.5,33,33.5,1.21,2464,164.81,13
2006-09-07 00:00:00+00,33.3,33.5,33,33,-1.49,9015,603.37,22
2006-09-08 00:00:00+00,32.99,34,32.2,34,3.03,3230,212.69,22
2006-09-11 00:00:00+00,34,35.3,34,35.3,3.82,11990,836.23,64
2006-09-12 00:00:00+00,35,36.5,35,36,1.98,11111,793.93,59
2006-09-13 00:00:00+00,36,36.4,35.89,36,0,89138,6417.94,58
2006-09-14 00:00:00+00,36.2,36.2,35.15,35.15,-2.36,6207,446.86,20
2006-09-15 00:00:00+00,35.15,36.2,35.15,36.2,2.99,11589,833.83,33
2006-09-18 00:00:00+00,36.4,38.7,36,37.98,4.92,177586,13012.85,287
2006-09-19 00:00:00+00,38,38,36.98,37.7,-0.74,163830,12135.19,161
2006-09-20 00:00:00+00,37.7,37.8,37,37.4,-0.8,152034,11349.51,84
2006-09-21 00:00:00+00,37.4,37.66,37.01,37.41,0.03,55513,4144.26,45
2006-09-22 00:00:00+00,37.3,37.94,37.1,37.93,1.39,6116,459.05,47
2006-09-25 00:00:00+00,37.8,39.4,37,39.4,3.88,36668,2807.76,197
2006-09-26 00:00:00+00,39.11,40,39.1,40,1.52,16733,1321.77,99
2006-09-27 00:00:00+00,40,40.4,39.4,40,0,28896,2310.65,105
2006-09-28 00:00:00+00,40,42,40,40.1,0.25,26860,2190.25,119
2006-09-29 00:00:00+00,40.5,42,40.5,41.5,3.49,25716,2135.62,74
2006-10-02 00:00:00+00,41.55,42,41.32,41.7,0.48,7277,607.72,61
2006-10-03 00:00:00+00,41.7,42.8,41.15,42.76,2.54,12313,1030.14,74
2006-10-04 00:00:00+00,42.76,42.76,42.21,42.45,-0.72,5331,451.94,46
2006-10-05 00:00:00+00,42.5,42.9,41.75,42.21,-0.57,10723,909.32,81
2006-10-06 00:00:00+00,42.5,44,42.5,43.06,2.01,22644,1953.53,116
2006-10-09 00:00:00+00,43.5,43.89,43.07,43.8,1.72,4285,371.26,36
2006-10-10 00:00:00+00,43.8,43.89,43.6,43.8,0,39018,3404.97,39
2006-10-11 00:00:00+00,43.5,43.8,43.5,43.76,-0.09,8496,743.45,40
2006-10-12 00:00:00+00,43.6,43.82,43,43.8,0.09,6683,582.44,54
2006-10-13 00:00:00+00,43.8,43.89,42.5,42.5,-2.97,20885,1812.65,77
2006-10-16 00:00:00+00,42.5,42.88,42.11,42.88,0.89,9107,773.86,84
2006-10-17 00:00:00+00,42.88,42.88,41.05,42.1,-1.82,83601,6943.2,82
2006-10-18 00:00:00+00,42,42.7,41.42,42.09,-0.02,34898,2918.43,48
2006-10-19 00:00:00+00,41.01,43.75,41.01,43.5,3.35,13418,1148.38,58
2006-10-20 00:00:00+00,42.13,44.49,42.13,44.2,1.61,8290,732.11,63
2006-10-23 00:00:00+00,44,44.5,43,43.44,-1.72,5275,460.33,63
2006-10-24 00:00:00+00,44.44,44.49,43.25,44.2,1.75,4888,429.78,41
2006-10-25 00:00:00+00,44,44.44,42.8,44.4,0.45,22807,2022.92,35
2006-10-26 00:00:00+00,44.4,45,43.2,45,1.35,28920,2585.01,72
2006-10-27 00:00:00+00,45,45,44.01,44.8,-0.44,20924,1862.84,34
2006-10-30 00:00:00+00,44.73,44.73,43.55,44.7,-0.22,716,63.73,9
2006-10-31 00:00:00+00,44,44.5,43.1,44.45,-0.56,6046,535.62,33
2006-11-02 00:00:00+00,44.45,44.7,44,44.7,0.56,7520,665.51,35
2006-11-03 00:00:00+00,43.2,45.68,43.16,45,0.67,408396,36592.36,63
2006-11-06 00:00:00+00,45,45.68,45,45,0,19516,1761.28,53
2006-11-07 00:00:00+00,44.5,45,43.8,44.8,-0.44,204423,18312.34,65
2006-11-08 00:00:00+00,45,45,44.32,44.8,0,165441,14823.46,35
2006-11-09 00:00:00+00,44.7,45,44.3,45,0.45,53524,4794.87,30
2006-11-10 00:00:00+00,43.82,45,43.82,44.8,-0.44,2102,186.83,40
2006-11-13 00:00:00+00,44.7,45,43.82,45,0.45,8867,794.76,30
2006-11-14 00:00:00+00,45,45,44.06,44.8,-0.44,2280,202.95,35
2006-11-15 00:00:00+00,44.05,44.05,42.11,43.5,-2.9,51992,4552.45,44
2006-11-16 00:00:00+00,43.5,43.9,43,43.3,-0.46,1331,115.73,13
2006-11-17 00:00:00+00,43.5,43.5,42.17,42.17,-2.61,1867,159.34,29
2006-11-20 00:00:00+00,42,42,41.11,41.6,-1.35,1148,95.66,20
2006-11-21 00:00:00+00,41.6,42,39.5,40.99,-1.47,1626,131.98,36
2006-11-22 00:00:00+00,41.9,41.9,40.05,41,0.02,23329,1909.05,41
2006-11-23 00:00:00+00,40.5,40.5,39.22,39.5,-3.66,16039,1271.32,62
2006-11-24 00:00:00+00,39.12,39.4,39,39,-1.27,2919,227.99,32
2006-11-27 00:00:00+00,39.1,41,39.1,41,5.13,78212,6214.62,32
2006-11-28 00:00:00+00,40.7,41,40.7,41,0,41165,3371.48,11
2006-11-29 00:00:00+00,41.3,43.15,41.3,43,4.88,7432,632.44,66
2006-11-30 00:00:00+00,43,44.18,43,44.18,2.74,8492,745.97,57
2006-12-01 00:00:00+00,44,44.5,43.2,43.22,-2.17,11282,999.43,41
2006-12-04 00:00:00+00,43.3,43.32,42.35,43,-0.51,16210,1393.81,29
2006-12-05 00:00:00+00,42.51,43.8,42.5,42.9,-0.23,12017,1031.73,30
2006-12-06 00:00:00+00,43,43.79,43,43.5,1.4,18925,1628.08,29
2006-12-07 00:00:00+00,43.5,43.5,43,43,-1.15,7901,680.36,5
2006-12-08 00:00:00+00,43,43.4,43,43,0,9858,848.32,66
2006-12-11 00:00:00+00,43.5,43.5,41.5,42.3,-1.63,27796,2386.17,41
2006-12-12 00:00:00+00,42.99,42.99,42.1,42.25,-0.12,10223,863.17,24
2006-12-13 00:00:00+00,42.2,42.28,41.8,41.8,-1.07,71135,5992.97,40
2006-12-14 00:00:00+00,41.76,41.76,39.11,40.56,-2.97,3042,245.27,29
2006-12-15 00:00:00+00,40.51,41,39,39.5,-2.61,2455,193.58,23
2006-12-18 00:00:00+00,39.5,40.29,39.5,39.5,0,3076,244.71,40
2006-12-19 00:00:00+00,39.5,39.5,36.5,36.6,-7.34,2819,212.95,47
2006-12-20 00:00:00+00,36.9,37,36.7,36.8,0.55,3566,262.43,26
2006-12-21 00:00:00+00,36.9,38,36.9,37,0.54,9610,713.64,32
2006-12-22 00:00:00+00,37,37.99,36.81,37.8,2.16,5209,385.97,32
2006-12-27 00:00:00+00,38,41,38,39.99,5.79,896,71.64,17
2006-12-28 00:00:00+00,40.9,40.9,37,38.5,-3.73,56660,4226.01,57
2006-12-29 00:00:00+00,37.81,40.3,37.8,40.2,4.42,14968,1193.13,74
2007-01-02 00:00:00+00,40.9,41,38.5,39.02,-2.94,399496,30776.62,97
2007-01-03 00:00:00+00,40.3,40.3,39,40.01,2.54,24922,1974.52,80
2007-01-04 00:00:00+00,40.49,40.49,39.2,40,-0.02,52814,4223.78,30
2007-01-05 00:00:00+00,39.3,40,39.2,40,0,2450,194.92,24
2007-01-08 00:00:00+00,40.99,41,39.55,41,2.5,13342,1088.69,58
2007-01-09 00:00:00+00,41,41,40.3,40.99,-0.02,21723,1780.33,55
2007-01-10 00:00:00+00,40.8,42,40.2,41.99,2.44,28896,2410.38,76
2007-01-11 00:00:00+00,41.95,43.5,41.95,42.6,1.45,24268,2070.22,110
2007-01-12 00:00:00+00,42.57,42.99,42.5,42.5,-0.23,3653,311.61,27
2007-01-15 00:00:00+00,42.7,44.5,42.7,44.1,3.76,25503,2242.58,98
2007-01-16 00:00:00+00,44,44,43.63,43.7,-0.91,5374,470.22,34
2007-01-17 00:00:00+00,43.99,45.1,43.4,44.9,2.75,20480,1833.31,112
2007-01-18 00:00:00+00,44,47.3,44,46.55,3.67,27483,2535.32,122
2007-01-19 00:00:00+00,46.55,46.56,46,46.5,-0.11,75011,6975.36,154
2007-01-22 00:00:00+00,46.5,47.18,46,46,-1.08,29987,2783.16,95
2007-01-23 00:00:00+00,46.87,46.87,45.6,45.9,-0.22,67030,6154.8,140
2007-01-24 00:00:00+00,46,47.5,45.95,46,0.22,104462,9674.16,128
2007-01-25 00:00:00+00,47.4,47.4,46.1,47,2.17,26494,2489.72,54
2007-01-26 00:00:00+00,46.98,46.98,45.3,45.8,-2.55,10568,967.23,61
2007-01-29 00:00:00+00,45.5,46,45,45.49,-0.68,9559,866.94,73
2007-01-30 00:00:00+00,45,45.28,44.85,45,-1.08,18642,1677.88,62
2007-01-31 00:00:00+00,45.18,45.25,44.51,45,0,13663,1227.05,59
2007-02-01 00:00:00+00,44.5,45.05,43.9,45,0,104753,9390.45,97
2007-02-02 00:00:00+00,45,45,44.5,45,0,2701,241.29,22
2007-02-05 00:00:00+00,44.1,45,44.05,44.05,-2.11,6049,534.88,45
2007-02-06 00:00:00+00,44.01,44.5,43.65,43.8,-0.57,5316,467.81,21
2007-02-07 00:00:00+00,44,44.9,43.9,44.45,1.48,5813,516.33,52
2007-02-08 00:00:00+00,44.4,44.4,42.81,43.49,-2.16,4366,379.39,25
2007-02-09 00:00:00+00,43.15,43.5,42.81,43.5,0.02,1611,138.85,25
2007-02-12 00:00:00+00,42.8,43.98,42.2,43.7,0.46,4388,375.57,35
2007-02-13 00:00:00+00,43.4,43.4,42.3,42.32,-3.16,3250,277.66,32
2007-02-14 00:00:00+00,42.6,44,42.6,43.7,3.26,1279,109.96,21
2007-02-15 00:00:00+00,44,44,42.7,43,-1.6,3721,319.99,28
2007-02-16 00:00:00+00,43,43,42.05,42.4,-1.4,8945,764.95,32
2007-02-19 00:00:00+00,42.05,44.9,42.05,44.9,5.9,6193,535.94,41
2007-02-20 00:00:00+00,44.5,44.68,44,44.2,-1.56,234099,20746.76,95
2007-02-21 00:00:00+00,44.49,44.49,42.98,42.98,-2.76,8956,773.82,42
2007-02-22 00:00:00+00,43.1,43.1,42.5,42.99,0.02,3647,311.47,25
2007-02-23 00:00:00+00,42.5,42.99,42.4,42.5,-1.14,283367,24143.94,114
2007-02-26 00:00:00+00,43.49,43.8,42.4,42.44,-0.14,67873,5764.75,83
2007-02-27 00:00:00+00,42.3,42.3,41,41.01,-3.37,4730,394.37,48
2007-02-28 00:00:00+00,40.7,42.7,40.7,41,-0.02,157906,12946.95,89
2007-03-01 00:00:00+00,42.5,42.5,40.9,42.2,2.93,33335,2736.28,35
2007-03-02 00:00:00+00,42,42,40.13,41.9,-0.71,6193,509.82,45
2007-03-05 00:00:00+00,40.99,41,40,40.35,-3.7,6058,488.76,45
2007-03-06 00:00:00+00,40.99,41,40.4,41,1.61,2332,190.96,12
2007-03-07 00:00:00+00,41.94,41.94,41.1,41.8,1.95,22912,1914.98,27
2007-03-08 00:00:00+00,41.95,42.6,41.95,42.55,1.79,2428,205.3,26
2007-03-09 00:00:00+00,42.75,42.75,42.06,42.4,-0.35,23623,2016.88,42
2007-03-12 00:00:00+00,42.5,43,42.5,43,1.42,42972,3673.36,43
2007-03-13 00:00:00+00,43,43.2,42.4,42.5,-1.16,75765,6442.3,54
2007-03-14 00:00:00+00,42.49,42.5,41.01,42.3,-0.47,10786,906.89,54
2007-03-15 00:00:00+00,42.3,43.6,42.3,43,1.65,24927,2129.75,75
2007-03-16 00:00:00+00,43.01,44.29,43.01,44.29,3,12072,1057.28,48
2007-03-19 00:00:00+00,44.31,44.95,44.1,44.7,0.93,11649,1038.41,71
2007-03-20 00:00:00+00,44.85,46,44.71,45.16,1.03,11595,1053.51,53
2007-03-21 00:00:00+00,45,48,44.5,48,6.29,31672,2967.01,114
2007-03-22 00:00:00+00,48,48.4,48,48.3,0.63,29016,2801.48,128
2007-03-23 00:00:00+00,48,48,46.52,47.8,-1.04,8649,823.65,30
2007-03-26 00:00:00+00,47.7,47.7,46.7,46.7,-2.3,2234,211.16,30
2007-03-27 00:00:00+00,46.61,48.1,46,48.1,3,6936,659.7,45
2007-03-28 00:00:00+00,48.1,48.1,46.61,48,-0.21,6830,650.78,33
2007-03-29 00:00:00+00,47,47.99,46.63,47.99,-0.02,4194,399.33,32
2007-03-30 00:00:00+00,48,48,46.85,48,0.02,12571,1205.49,42
2007-04-02 00:00:00+00,47.11,47.8,46.65,47.8,-0.42,4578,434.52,43
2007-04-03 00:00:00+00,46.71,47.8,46.71,47.5,-0.63,9303,885.47,30
2007-04-04 00:00:00+00,47.8,50,47.8,49.5,4.21,290500,28734.51,77
2007-04-05 00:00:00+00,49.5,51,49.5,50.9,2.83,113909,11393.36,90
2007-04-10 00:00:00+00,50.9,54,50.9,52,2.16,87032,8994.42,89
2007-04-11 00:00:00+00,52.3,53.9,51.7,52.05,0.1,10035,1054.59,44
2007-04-12 00:00:00+00,52,52,48.77,51,-2.02,5913,597.94,53
2007-04-13 00:00:00+00,50.7,52,50.1,50.2,-1.57,10055,1022.36,32
2007-04-16 00:00:00+00,50.2,53,49,50.45,0.5,13290,1352.13,53
2007-04-17 00:00:00+00,49.81,50.95,49.7,50.95,0.99,973,97.35,18
2007-04-18 00:00:00+00,50,52.3,49.71,49.71,-2.43,10927,1092.4,67
2007-04-19 00:00:00+00,49.1,49.49,48.03,49,-1.43,4111,401.64,39
2007-04-20 00:00:00+00,49,50.5,48.7,49.97,1.98,2103,208.84,19
2007-04-23 00:00:00+00,50,52,48.2,50.25,0.56,12761,1276.41,81
2007-04-24 00:00:00+00,50.25,50.5,48.8,50.5,0.5,26757,2669.8,80
2007-04-25 00:00:00+00,50.5,53.5,50,53.5,5.94,82771,8384.58,68
2007-04-26 00:00:00+00,54.1,56,53.5,54,0.93,7850,861.28,62
2007-04-27 00:00:00+00,53,54,51.35,53,-1.85,2390,251.79,24
2007-04-30 00:00:00+00,54,54,52.5,53.5,0.94,920,98.75,18
2007-05-02 00:00:00+00,54,55,52.5,53,-0.93,37512,3985.19,47
2007-05-04 00:00:00+00,53.05,57.8,53.05,56.05,5.75,27382,3067.25,128
2007-05-07 00:00:00+00,56,59.7,55.95,56.8,1.34,327822,36982.4,87
2007-05-08 00:00:00+00,57,58,56,56.8,0,15866,1802.92,72
2007-05-09 00:00:00+00,57,58.7,56.8,57.3,0.88,5854,674.97,44
2007-05-10 00:00:00+00,57.3,57.3,52.3,55,-4.01,6192,676.26,46
2007-05-11 00:00:00+00,52.7,54,52.25,53.5,-2.73,2577,273.89,42
2007-05-14 00:00:00+00,55,57,55,56,4.67,6810,760.34,45
2007-05-15 00:00:00+00,56,56,53.85,55.45,-0.98,2033,223.52,45
2007-05-16 00:00:00+00,54,54,52,52,-6.22,9048,946.78,77
2007-05-17 00:00:00+00,53.4,53.5,52.2,53.2,2.31,14906,1580.26,116
2007-05-18 00:00:00+00,52.95,53.9,52.05,53.9,1.32,4658,492.96,75
2007-05-21 00:00:00+00,54.9,56.5,54,54,0.19,4042,445.39,45
2007-05-22 00:00:00+00,54.95,55,53.5,53.65,-0.65,10463,1134.43,46
2007-05-23 00:00:00+00,54,54,52.35,52.6,-1.96,3374,356.82,41
2007-05-24 00:00:00+00,53,55.8,52.15,55.8,6.08,7681,829.43,61
2007-05-25 00:00:00+00,55.6,55.6,54,55.5,-0.54,184945,19987.12,42
2007-05-28 00:00:00+00,55,57,55,57,2.7,10181,1145.45,77
2007-05-29 00:00:00+00,56.5,57,55.85,55.85,-2.02,357703,40065.11,65
2007-05-30 00:00:00+00,56.85,56.85,54.6,55.55,-0.54,10669,1179.22,52
2007-05-31 00:00:00+00,56,57.5,55.6,57.5,3.51,81646,9181.7,120
2007-06-01 00:00:00+00,57.5,57.85,56,56,-2.61,8200,938.52,37
2007-06-04 00:00:00+00,56.9,56.9,54.15,56,0,7045,784.07,70
2007-06-05 00:00:00+00,55.85,55.85,54.7,55.6,-0.71,9583,1056.7,37
2007-06-06 00:00:00+00,55.65,55.65,53.25,55,-1.08,4007,437.59,22
2007-06-08 00:00:00+00,55,55,53,54,-1.82,48796,5268.8,70
2007-06-11 00:00:00+00,54.15,55.5,53.2,55.2,2.22,18029,1977.2,63
2007-06-12 00:00:00+00,55.75,55.75,53.55,55,-0.36,3046,332.6,24
2007-06-13 00:00:00+00,53.6,54.9,53.55,54.2,-1.45,7752,838.2,32
2007-06-14 00:00:00+00,54.25,55,54.2,55,1.48,12469,1365.89,47
2007-06-15 00:00:00+00,55,55,54,54.3,-1.27,17222,1878.97,35
2007-06-18 00:00:00+00,54.5,54.5,53.75,54.4,0.18,9029,975.26,36
2007-06-19 00:00:00+00,54.4,56.8,53.6,56.8,4.41,4252,477.43,44
2007-06-20 00:00:00+00,56.7,57.5,54.65,54.7,-3.7,73367,8079.43,96
2007-06-21 00:00:00+00,54.95,54.95,53.6,53.8,-1.65,82255,8879.91,83
2007-06-22 00:00:00+00,53.9,53.9,52.7,52.7,-2.04,21488,2275.26,75
2007-06-25 00:00:00+00,52.15,52.7,51.5,51.7,-1.9,31480,3271.15,113
2007-06-26 00:00:00+00,51.5,52.3,51.5,52,0.58,61429,6387.04,46
2007-06-27 00:00:00+00,52,53.7,51.65,52.9,1.73,38154,3968.69,50
2007-06-28 00:00:00+00,53.65,54,52.9,53.9,1.89,10757,1159.08,52
2007-06-29 00:00:00+00,53.85,53.85,52.2,53,-1.67,11478,1218.37,28
2007-07-02 00:00:00+00,53,53.85,52,53,0,2849,302.46,24
2007-07-03 00:00:00+00,54,54,52,52.5,-0.94,4506,471.5,27
2007-07-04 00:00:00+00,52.15,53.45,51.3,52.5,0,14715,1541.7,54
2007-07-05 00:00:00+00,52.9,52.9,52.1,52.1,-0.76,9779,1023.29,27
2007-07-06 00:00:00+00,52.2,53.5,52.1,53.1,1.92,3531,371.02,17
2007-07-09 00:00:00+00,53.1,53.4,52.15,53,-0.19,16119,1707.58,37
2007-07-10 00:00:00+00,53,53.4,52,52.9,-0.19,3422,358.78,22
2007-07-11 00:00:00+00,53,53,51.3,51.4,-2.84,4754,490.19,20
2007-07-12 00:00:00+00,52,52,50.5,51,-0.78,16587,1701.62,40
2007-07-13 00:00:00+00,50.7,51.95,50.3,50.3,-1.37,6984,705.51,29
2007-07-16 00:00:00+00,50.5,50.5,49.05,49.05,-2.49,16805,1662.76,38
2007-07-17 00:00:00+00,49,49.5,48.5,49.5,0.92,4194,409.55,26
2007-07-18 00:00:00+00,48.77,51.5,48.7,49.5,0,32367,3220.78,67
2007-07-19 00:00:00+00,49,50.95,49,50.95,2.93,3143,309.89,15
2007-07-20 00:00:00+00,51.85,51.9,49,50,-1.86,14987,1485.16,39
2007-07-23 00:00:00+00,48.75,50.4,48.5,50.4,0.8,882,85.95,8
2007-07-24 00:00:00+00,49.99,50.3,49.99,50.3,-0.2,9262,928.2,21
2007-07-25 00:00:00+00,50,50,49.01,49.01,-2.56,1460,143.53,10
2007-07-26 00:00:00+00,48.51,50,48.1,49.98,1.98,1080,104.16,14
2007-07-27 00:00:00+00,48,49,47.1,49,-1.96,59702,5695.74,40
2007-07-30 00:00:00+00,48.99,50,48,50,2.04,15633,1544.97,50
2007-07-31 00:00:00+00,50,52,49.03,52,4,17195,1754.49,32
2007-08-01 00:00:00+00,50,50,49,49,-5.77,1776,174.94,14
2007-08-02 00:00:00+00,49,50.9,49,49,0,692,67.82,9
2007-08-03 00:00:00+00,50,50,48,48.99,-0.02,363,35.52,7
2007-08-06 00:00:00+00,48.5,49,48,49,0.02,1014,97.57,12
2007-08-07 00:00:00+00,49.93,49.93,49,49,0,364,35.98,11
2007-08-08 00:00:00+00,49.94,50,48.15,49,0,572,56.32,13
2007-08-09 00:00:00+00,49,49.5,48,48,-2.04,6845,663.22,22
2007-08-10 00:00:00+00,48.1,48.1,45.1,46,-4.17,11910,1097.93,38
2007-08-13 00:00:00+00,47,47,46,46,0,4810,447.06,11
2007-08-14 00:00:00+00,46,47.5,45,45,-2.17,17696,1595.33,15
2007-08-16 00:00:00+00,44.99,45.7,40.5,43,-4.44,28915,2543.45,82
2007-08-17 00:00:00+00,45,51.8,45,51,18.6,27011,2574.43,117
2007-08-20 00:00:00+00,51.95,53.5,51.95,53.5,4.9,16837,1790.78,104
2007-08-21 00:00:00+00,53.8,53.8,48.55,51.5,-3.74,3269,330.33,46
2007-08-22 00:00:00+00,52.85,54.4,51.55,54.4,5.63,35715,3828.23,82
2007-08-23 00:00:00+00,54.5,55.4,54.5,55,1.1,77436,8457.26,81
2007-08-24 00:00:00+00,54.4,56,53.9,55.9,1.64,59653,6505.37,55
2007-08-27 00:00:00+00,56.1,56.7,54.3,55.7,-0.36,29996,3364.27,82
2007-08-28 00:00:00+00,55.7,56,54.5,55.65,-0.09,1563,173.78,26
2007-08-29 00:00:00+00,55,56,53.35,56,0.63,11973,1320.6,70
2007-08-30 00:00:00+00,56,57,54.5,56,0,28486,3210.75,42
2007-08-31 00:00:00+00,57,57.5,56.5,57.35,2.41,31928,3640.3,81
2007-09-03 00:00:00+00,57.5,57.5,56.3,57,-0.61,13858,1589.11,39
2007-09-04 00:00:00+00,57,57,56,56.5,-0.88,11110,1254.74,19
2007-09-05 00:00:00+00,56.05,56.45,56.05,56.1,-0.71,671,75.29,11
2007-09-06 00:00:00+00,56.3,57.35,56,56,-0.18,11591,1306.27,70
2007-09-07 00:00:00+00,56,56,55.6,56,0,10373,1161.4,33
2007-09-10 00:00:00+00,55.5,55.5,54.35,54.95,-1.88,931,101.57,10
2007-09-11 00:00:00+00,53.55,55,53.55,55,0.09,4205,461.44,13
2007-09-12 00:00:00+00,55,56,53.85,56,1.82,1064,117.51,12
2007-09-13 00:00:00+00,55,55,55,55,-1.79,14526,1597.86,17
2007-09-14 00:00:00+00,54.3,55,54.25,55,0,207496,22621.97,20
2007-09-17 00:00:00+00,54.5,55.5,54.2,55.5,0.91,102281,11152.57,15
2007-09-18 00:00:00+00,55.5,55.7,54.3,55.7,0.36,33341,3640.2,18
2007-09-19 00:00:00+00,55.9,57.4,55.2,57.4,3.05,5483,624.63,40
2007-09-20 00:00:00+00,57.4,57.45,55.8,57.45,0.09,3198,365.14,24
2007-09-21 00:00:00+00,56.15,57,56.15,57,-0.78,2258,257.05,14
2007-09-24 00:00:00+00,56.1,56.95,56,56.9,-0.18,613,69.08,11
2007-09-25 00:00:00+00,56.05,56.05,47.5,49.5,-13.01,125059,12381.72,645
2007-09-26 00:00:00+00,50.1,50.95,45.51,47.7,-3.64,53509,5157.92,265
2007-09-27 00:00:00+00,47.7,47.7,44,45,-5.66,57320,5172.25,255
2007-09-28 00:00:00+00,45,45.59,43.2,43.2,-4,12326,1085.65,118
2007-10-01 00:00:00+00,44.64,44.64,38.11,38.7,-10.42,61661,4868.89,327
2007-10-02 00:00:00+00,38.7,39,36.71,38.8,0.26,90276,6856.4,335
2007-10-03 00:00:00+00,38.99,39,38,38.99,0.49,24148,1869.64,144
2007-10-04 00:00:00+00,40.5,40.5,38,39.4,1.05,22824,1789.9,105
2007-10-05 00:00:00+00,40.8,41,39.4,40.8,3.55,24891,2003.95,100
2007-10-08 00:00:00+00,41.05,42.44,41.05,42.2,3.43,41178,3460.32,193
2007-10-09 00:00:00+00,42.2,42.2,39.81,41.67,-1.26,61755,5011.12,209
2007-10-10 00:00:00+00,41,43.9,41,42.2,1.27,56342,4763.18,170
2007-10-11 00:00:00+00,42,42.14,40.3,41,-2.84,72475,6000.05,157
2007-10-12 00:00:00+00,40.6,41,40,41,0,12155,992.77,63
2007-10-15 00:00:00+00,41,41.51,40.75,40.94,-0.15,25882,2135.54,77
2007-10-16 00:00:00+00,40.3,40.5,39.4,40,-2.3,38787,3107.08,92
2007-10-17 00:00:00+00,40,40,39.5,40,0,22247,1779.55,66
2007-10-18 00:00:00+00,40,43.5,39.99,42,5,63878,5252.21,155
2007-10-19 00:00:00+00,42,43,40.2,41.87,-0.31,38421,3201.71,127
2007-10-22 00:00:00+00,41.99,41.99,40,41.6,-0.64,15058,1233.8,52
2007-10-23 00:00:00+00,40.5,40.85,40.2,40.5,-2.64,15052,1218.94,29
2007-10-24 00:00:00+00,40.4,40.5,40,40.08,-1.04,33524,2682.85,36
2007-10-25 00:00:00+00,40.07,41,39.85,41,2.3,16039,1300.67,36
2007-10-26 00:00:00+00,40,40.85,40,40.35,-1.59,481,38.88,9
2007-10-29 00:00:00+00,40,40.6,39.52,40.5,0.37,2210,177.77,13
2007-10-30 00:00:00+00,39.72,40.8,39.71,40.8,0.74,1501,120.68,11
2007-10-31 00:00:00+00,40.88,43,40,43,5.39,15198,1235.16,42
2007-11-02 00:00:00+00,41.15,42,41,42,-2.33,51599,4302.93,79
2007-11-05 00:00:00+00,42,42,40.5,41.5,-1.19,24668,2042.24,65
2007-11-06 00:00:00+00,40.61,41.39,40.3,40.3,-2.89,38833,3146.38,31
2007-11-07 00:00:00+00,40.1,40.1,38.32,39.7,-1.49,4904,386.1,37
2007-11-08 00:00:00+00,38,39,38,38.5,-3.02,10730,826.03,44
2007-11-09 00:00:00+00,39.8,39.8,38.4,38.4,-0.26,20909,1613.69,58
2007-11-12 00:00:00+00,38.4,39.1,38.4,38.4,0,10219,786.08,17
2007-11-13 00:00:00+00,38.99,39.97,38.2,39.68,3.33,11558,904.44,30
2007-11-14 00:00:00+00,41.2,42.5,40.4,40.5,2.07,28026,2360.3,84
2007-11-15 00:00:00+00,40.01,42,39.1,39.6,-2.22,36613,3002.39,100
2007-11-16 00:00:00+00,39,39.55,35.1,35.1,-11.36,44883,3505.91,60
2007-11-19 00:00:00+00,39,41.5,39,41.4,17.95,117557,9497.4,89
2007-11-20 00:00:00+00,40.5,43.85,40.5,42.8,3.38,40945,3396.36,121
2007-11-21 00:00:00+00,42.78,42.78,41.1,42,-1.87,6022,504.23,44
2007-11-22 00:00:00+00,42.8,43,39.43,42.75,1.79,14780,1232.52,57
2007-11-23 00:00:00+00,42.5,43,41.11,43,0.58,76844,6536.92,72
2007-11-26 00:00:00+00,43.6,43.65,41.12,43.5,1.16,218724,18387.6,85
2007-11-27 00:00:00+00,41.99,43.5,41.99,43.1,-0.92,8135,701.17,26
2007-11-28 00:00:00+00,43.1,44.5,43.1,44.5,3.25,26990,2337.65,40
2007-11-29 00:00:00+00,44.6,46.5,43.5,46.29,4.02,26009,2321.61,76
2007-11-30 00:00:00+00,45.4,49,45.1,49,5.85,22388,2174.44,53
2007-12-03 00:00:00+00,49,49.01,47.9,49,0,3065,298.94,41
2007-12-04 00:00:00+00,47.4,49,47.21,49,0,1634,159.04,18
2007-12-05 00:00:00+00,48.9,50.1,48.02,50,2.04,12872,1276.62,32
2007-12-06 00:00:00+00,49.32,50,49.32,49.5,-1,2105,210.35,15
2007-12-07 00:00:00+00,49.5,49.5,48.53,49,-1.01,1380,135.15,10
2007-12-10 00:00:00+00,48.1,49.9,48.1,49.9,1.84,1825,179.48,16
2007-12-11 00:00:00+00,48.6,49.9,48.6,49,-1.8,3307,326.44,18
2007-12-12 00:00:00+00,48,49.5,48,49.5,1.02,1795,175.24,15
2007-12-13 00:00:00+00,49,49.4,48.06,49.4,-0.2,1839,180.7,11
2007-12-14 00:00:00+00,48.5,49.4,48.5,49.4,0,670,65.89,9
2007-12-17 00:00:00+00,48.8,48.8,47.05,47.05,-4.76,5142,485.18,25
2007-12-18 00:00:00+00,45,47,44.5,46.4,-1.38,8294,761.12,48
2007-12-19 00:00:00+00,45.5,46,44.5,46,-0.86,1798,164.59,14
2007-12-20 00:00:00+00,44.52,46,44.52,46,0,6725,618.04,19
2007-12-21 00:00:00+00,46,46,44.5,46,0,2236,202.97,21
2007-12-27 00:00:00+00,45.55,47.89,45.55,47.89,4.11,1085,103.71,6
2007-12-28 00:00:00+00,47.6,48,46,48,0.23,10279,982.35,25
2008-01-02 00:00:00+00,46,46,46,46,-4.17,155,14.26,3
2008-01-03 00:00:00+00,44.99,44.99,44.99,44.99,-2.2,400,35.99,1
2008-01-04 00:00:00+00,43.51,44.49,43.51,44.49,-1.11,530,47.1,4
2008-01-07 00:00:00+00,43.5,44.5,42.1,43,-3.35,5250,456.96,23
2008-01-08 00:00:00+00,42,43,42,43,0,948,81.45,4
2008-01-09 00:00:00+00,0,0,0,43,0,0,0,0
2008-01-10 00:00:00+00,42,43,41.5,43,0,2342,198.57,15
2008-01-11 00:00:00+00,42.9,42.9,42.9,42.9,-0.23,319,27.37,4
2008-01-14 00:00:00+00,41,42.8,40.2,42.8,-0.23,1773,148.84,16
2008-01-15 00:00:00+00,41,42.6,41,42.6,-0.47,1016,86.51,5
2008-01-16 00:00:00+00,40,43.6,38.55,43.6,2.35,13515,1148.6,28
2008-01-17 00:00:00+00,42.25,43,41.5,43,-1.38,1634,138.86,13
2008-01-18 00:00:00+00,43,43,42,42.7,-0.7,32507,2794.94,8
2008-01-21 00:00:00+00,40,41.5,40,41.5,-2.81,2000,163,2
2008-01-22 00:00:00+00,41,42,37.99,40,-3.61,14297,1122.45,68
2008-01-23 00:00:00+00,40,40,39,39.9,-0.25,760,60.18,14
2008-01-24 00:00:00+00,40,43.88,39.3,40,0.25,5007,416.29,24
2008-01-25 00:00:00+00,42,42,38.51,39,-2.5,6956,555.2,36
2008-01-28 00:00:00+00,39.99,39.99,37,39,0,1161,88.64,23
2008-01-29 00:00:00+00,38.99,40,38.9,40,2.56,2731,215.01,23
2008-01-30 00:00:00+00,40.6,41.5,39,39.5,-1.25,2978,235.98,23
2008-01-31 00:00:00+00,39.87,39.87,38.99,38.99,-1.29,331,26.3,5
2008-02-01 00:00:00+00,38.15,39.96,38.12,39.96,2.49,205,15.74,5
2008-02-04 00:00:00+00,41.4,41.4,39,39,-2.4,909,73.14,20
2008-02-05 00:00:00+00,39.03,39.9,38.56,38.56,-1.13,1236,96.92,16
2008-02-06 00:00:00+00,38.52,38.52,37.33,38.33,-0.6,525,39.69,8
2008-02-07 00:00:00+00,38.37,38.37,37.45,37.5,-2.17,1530,114.85,4
2008-02-08 00:00:00+00,37,37,36.99,37,-1.33,600,44.4,4
2008-02-11 00:00:00+00,35.28,37.5,35.28,37.5,1.35,2434,180.56,16
2008-02-12 00:00:00+00,38.9,39.6,38.5,39.6,5.6,3138,245.6,14
2008-02-13 00:00:00+00,39.75,41.4,39.49,41.4,4.55,2352,190.94,29
2008-02-14 00:00:00+00,41.4,41.45,41,41.4,0,381,31.55,6
2008-02-15 00:00:00+00,41.2,41.2,39.5,41,-0.97,2008,163.67,15
2008-02-18 00:00:00+00,39.1,41.45,39.1,41.45,1.1,1662,135.84,18
2008-02-19 00:00:00+00,41.4,41.49,41,41.48,0.07,2057,169.53,13
2008-02-20 00:00:00+00,41.1,42.5,39.56,41,-1.16,944,76.67,21
2008-02-21 00:00:00+00,40.11,41.82,40.1,41.8,1.95,404,33.22,7
2008-02-22 00:00:00+00,0,0,0,41.8,0,0,0,0
2008-02-25 00:00:00+00,40.11,41.8,40,41.8,0,3491,286.24,24
2008-02-26 00:00:00+00,40,42,40,42,0.48,795,66.67,6
2008-02-27 00:00:00+00,40.05,41.95,40.05,41.95,-0.12,1712,141.6,18
2008-02-28 00:00:00+00,41,41,37.9,38.54,-8.13,15650,1216.33,65
2008-02-29 00:00:00+00,38.98,40,35.52,40,3.79,18013,1385,43
2008-03-03 00:00:00+00,36.1,36.5,36.1,36.27,-9.33,1009,73.21,13
2008-03-04 00:00:00+00,36.5,36.5,35.11,35.3,-2.67,321,22.98,8
2008-03-05 00:00:00+00,36.5,36.5,36.5,36.5,3.4,112,8.18,2
2008-03-06 00:00:00+00,0,0,0,36.5,0,0,0,0
2008-03-07 00:00:00+00,37,37,36.5,36.5,0,262,19.25,6
2008-03-10 00:00:00+00,36,36,35.9,35.9,-1.64,1047,75.18,3
2008-03-11 00:00:00+00,35.75,37.8,35.5,37.8,5.29,1733,130.56,11
2008-03-12 00:00:00+00,37.5,37.5,37.5,37.5,-0.79,42,3.15,2
2008-03-13 00:00:00+00,35.16,38,35.16,38,1.33,770,58.22,11
2008-03-14 00:00:00+00,0,0,0,38,0,0,0,0
2008-03-17 00:00:00+00,35.16,38,35.16,38,0,40,3.03,3
2008-03-18 00:00:00+00,0,0,0,38,0,0,0,0
2008-03-19 00:00:00+00,0,0,0,38,0,0,0,0
2008-03-20 00:00:00+00,0,0,0,38,0,0,0,0
2008-03-25 00:00:00+00,38,38,35.7,36.6,-3.68,4392,321.74,10
2008-03-26 00:00:00+00,36.98,36.98,36.95,36.95,0.96,1053,77.82,3
2008-03-27 00:00:00+00,37.39,37.39,36.9,36.9,-0.14,4,0.3,2
2008-03-28 00:00:00+00,0,0,0,36.9,0,0,0,0
2008-03-31 00:00:00+00,34.51,36.89,34.51,36.5,-1.08,4642,338.87,13
2008-04-01 00:00:00+00,0,0,0,36.5,0,0,0,0
2008-04-02 00:00:00+00,36.4,36.4,35.11,35.11,-3.81,37,2.67,3
2008-04-03 00:00:00+00,35.5,35.51,35.5,35.51,1.14,126,8.95,6
2008-04-04 00:00:00+00,36.19,36.2,34.32,35,-1.44,1195,83.99,16
2008-04-07 00:00:00+00,35.6,35.6,35,35,0,196,13.73,3
2008-04-08 00:00:00+00,35,35,35,35,0,46,3.22,2
2008-04-09 00:00:00+00,34.01,35,34.01,34.5,-1.43,368,25.46,9
2008-04-10 00:00:00+00,34.9,34.9,34.9,34.9,1.16,100,6.98,3
2008-04-11 00:00:00+00,35.99,35.99,33,35,0.29,2151,148.72,16
2008-04-14 00:00:00+00,0,0,0,35,0,0,0,0
2008-04-15 00:00:00+00,32.5,33.9,31.5,31.52,-9.94,6829,437.18,48
2008-04-16 00:00:00+00,32.2,32.2,30.43,30.43,-3.46,1495,91.52,12
2008-04-17 00:00:00+00,30.6,30.6,29.5,30,-1.41,3638,215.48,20
2008-04-18 00:00:00+00,30,30,29.5,30,0,4055,242.71,17
2008-04-21 00:00:00+00,30.53,30.53,29,30.46,1.53,1741,105.62,18
2008-04-22 00:00:00+00,29,29.49,28.51,29.29,-3.84,4460,260.8,36
2008-04-23 00:00:00+00,29.1,29.28,28.1,29.28,-0.03,1139,65.78,10
2008-04-24 00:00:00+00,29.28,29.28,28,28.1,-4.03,1239,70.02,11
2008-04-25 00:00:00+00,28.16,29.8,28.16,29.8,6.05,827,48.52,10
2008-04-28 00:00:00+00,30,30,29.3,29.3,-1.68,449,26.51,14
2008-04-29 00:00:00+00,29.3,29.5,28.31,29.5,0.68,362,21.25,7
2008-04-30 00:00:00+00,29.5,29.86,28.55,28.65,-2.88,2446,140.05,25
2008-05-05 00:00:00+00,28.76,29.99,28.76,29.8,4.01,1262,73.26,17
2008-05-06 00:00:00+00,29.79,29.79,28.41,29,-2.68,1274,74.22,12
2008-05-07 00:00:00+00,29.8,30.3,29.1,30.3,4.48,2949,177.92,22
2008-05-08 00:00:00+00,30.5,30.6,29.54,30.55,0.83,909,55.47,10
2008-05-09 00:00:00+00,29.54,30.9,29.3,30,-1.8,8567,515.74,33
2008-05-12 00:00:00+00,30.5,31,29.75,31,3.33,6080,367.33,47
2008-05-13 00:00:00+00,30.5,31.6,30.5,31.6,1.94,1940,121.96,13
2008-05-14 00:00:00+00,31.7,31.8,31,31.6,0,263,16.56,6
2008-05-15 00:00:00+00,31.65,33.9,31.65,33.9,7.28,6553,424.13,41
2008-05-16 00:00:00+00,0,0,0,33.9,0,0,0,0
2008-05-19 00:00:00+00,0,0,0,33.9,0,0,0,0
2008-05-20 00:00:00+00,0,0,0,33.9,0,0,0,0
2008-05-21 00:00:00+00,0,0,0,33.9,0,0,0,0
2008-05-23 00:00:00+00,0,0,0,33.9,0,0,0,0
2008-05-26 00:00:00+00,0,0,0,33.9,0,0,0,0
2008-05-27 00:00:00+00,0,0,0,33.9,0,0,0,0
2008-05-28 00:00:00+00,0,0,0,33.9,0,0,0,0
2008-05-29 00:00:00+00,0,0,0,33.9,0,0,0,0
2008-05-30 00:00:00+00,0,0,0,33.9,0,0,0,0
2008-06-02 00:00:00+00,0,0,0,33.9,0,0,0,0
2008-06-03 00:00:00+00,0,0,0,33.9,0,0,0,0
2008-06-04 00:00:00+00,0,0,0,33.9,0,0,0,0
2008-06-05 00:00:00+00,0,0,0,33.9,0,0,0,0
